From;To;Type;Through;start_x;start_y;stop_x;stop_y;adjacency_rule_name;Comment
9833;11829;;-1;-1;-1;-1;-1;;Bosphorus
13294;13293;;-1;-1;-1;-1;-1;;Dardanelles
14437;6912;;-1;-1;-1;-1;-1;;Marmara Island
17031;10203;;-1;-1;-1;-1;-1;;W. Corfu - Corfu
17031;914;;-1;-1;-1;-1;-1;;W. Corfu - N. Epirus
17031;14481;;-1;-1;-1;-1;-1;;W. Corfu - Vlore
10203;9805;;-1;-1;-1;-1;-1;;Corfu - Parga
10203;15083;;-1;-1;-1;-1;-1;;Corfu - Paxos
10203;914;;-1;-1;-1;-1;-1;;Corfu - N. Epirus
15083;9805;;-1;-1;-1;-1;-1;;Paxos - Parga
15083;17026;;-1;-1;-1;-1;-1;;Paxos - Preveza
15083;9805;;-1;-1;-1;-1;-1;;Paxos - Parga
15083;1106;;-1;-1;-1;-1;-1;;Paxos - Lefkada
1106;14433;;-1;-1;-1;-1;-1;;Lefkada - Kefalonia
14433;14434;;-1;-1;-1;-1;-1;;Kefalonia - Kolliomenos
14434;4193;;-1;-1;-1;-1;-1;;Kolliomenos - Pyrgos
15084;12001;;-1;-1;-1;-1;-1;;Ithaki - S. Epirus
15084;1205;;-1;-1;-1;-1;-1;;Ithaki - Aetolia
13355;4178;;-1;-1;-1;-1;-1;;Kythira - Peloponnese
13355;15105;;-1;-1;-1;-1;-1;;Kythira - Antikithira
15105;12058;;-1;-1;-1;-1;-1;;Antikithira - Chania
15072;12058;;-1;-1;-1;-1;-1;;Gavdos - Chania
15072;1164;;-1;-1;-1;-1;-1;;Gavdos - Rethimno
4170;15091;;-1;-1;-1;-1;-1;;Sitia - Caso
15091;15073;;-1;-1;-1;-1;-1;;Caso - Scarpanto
15073;10007;;-1;-1;-1;-1;-1;;Scarpanto - Rhodes
10007;15093;;-1;-1;-1;-1;-1;;Rhodes - Calchi
10007;15094;;-1;-1;-1;-1;-1;;Rhodes - Piscopi
10007;15092;;-1;-1;-1;-1;-1;;Rhodes - Simi
10007;14595;;-1;-1;-1;-1;-1;;Rhodes - East Mugla
10007;14464;;-1;-1;-1;-1;-1;;Rhodes - Castelrosso	
14464;12096;;-1;-1;-1;-1;-1;;Castelrosso - Fethiye
15094;14595;;-1;-1;-1;-1;-1;;Piscopi - East Mugla
15094;7003;;-1;-1;-1;-1;-1;;Piscopi - Coo
7003;15074;;-1;-1;-1;-1;-1;;Coo - Stampalia
7003;15071;;-1;-1;-1;-1;-1;;Coo - Astipalea
7003;9941;;-1;-1;-1;-1;-1;;Coo - Bodrum
15074;9941;;-1;-1;-1;-1;-1;;Stampalia - Bodrum
15074;15076;;-1;-1;-1;-1;-1;;Stampalia - Lero
15076;15095;;-1;-1;-1;-1;-1;;Lero - Lisso
15076;10038;;-1;-1;-1;-1;-1;;Lero - Milas
15095;15096;;-1;-1;-1;-1;-1;;Lisso - Patmo
15096;15097;;-1;-1;-1;-1;-1;;Patmo - Fournoi
15071;15079;;-1;-1;-1;-1;-1;;Astipalea - Amorgos
15071;15090;;-1;-1;-1;-1;-1;;Astipalea - Anafi
15071;18173;;-1;-1;-1;-1;-1;;Astipalea - Astipalea Atlantic Zone
15079;15067;;-1;-1;-1;-1;-1;;Amorgos - Ikaria
15067;15097;;-1;-1;-1;-1;-1;;Ikaria - Fournoi
15067;6550;;-1;-1;-1;-1;-1;;Ikaria - Chios
15067;15100;;-1;-1;-1;-1;-1;;Ikaria - Mikonos
15067;13649;;-1;-1;-1;-1;-1;;Ikaria - Naxos
15097;15068;;-1;-1;-1;-1;-1;;Fournoi - Samos
15068;7130;;-1;-1;-1;-1;-1;;Fournoi - Soke
15068;10038;;-1;-1;-1;-1;-1;;Fournoi - Milas
6550;4112;;-1;-1;-1;-1;-1;;Chios - Izmir
6550;15103;;-1;-1;-1;-1;-1;;Chios - Psara
6550;8435;;-1;-1;-1;-1;-1;;Chios - Lesvos
8435;11848;;-1;-1;-1;-1;-1;;Lesvos - Bergama
8435;6864;;-1;-1;-1;-1;-1;;Lesvos - Ayvacik
8435;15103;;-1;-1;-1;-1;-1;;Lesvos - Psara
8435;15098;;-1;-1;-1;-1;-1;;Lesvos - Agios
15104;6864;;-1;-1;-1;-1;-1;;Bozcaada - Ayvacik
15104;13293;;-1;-1;-1;-1;-1;;Bozcaada - Canakkale
15104;13294;;-1;-1;-1;-1;-1;;Bozcaada - Gelibolu
15104;14438;;-1;-1;-1;-1;-1;;Bozcaada - Imbros
15104;13718;;-1;-1;-1;-1;-1;;Bozcaada - Limnos
15104;15098;;-1;-1;-1;-1;-1;;Bozcaada - Agios
14438;13294;;-1;-1;-1;-1;-1;;Imbros - Gelibolu
14438;15069;;-1;-1;-1;-1;-1;;Imbros - Samothraki
14438;13718;;-1;-1;-1;-1;-1;;Imbros - Limnos
13718;15098;;-1;-1;-1;-1;-1;;Limnos - Agios
13718;15069;;-1;-1;-1;-1;-1;;Limnos - Samothraki
15098;13353;;-1;-1;-1;-1;-1;;Limnos - Skiros
15090;15079;;-1;-1;-1;-1;-1;;Anafi - Amorgos
15090;13649;;-1;-1;-1;-1;-1;;Anafi - Naxos
15090;15065;;-1;-1;-1;-1;-1;;Anafi - Ios
15090;15089;;-1;-1;-1;-1;-1;;Anafi - Santorini
15089;15079;;-1;-1;-1;-1;-1;;Santorini - Amorgos
15089;15065;;-1;-1;-1;-1;-1;;Santorini - Ios
15089;15087;;-1;-1;-1;-1;-1;;Santorini - Sikinos
15089;15088;;-1;-1;-1;-1;-1;;Santorini - Folegandros
15089;13723;;-1;-1;-1;-1;-1;;Santorini - Milos
15065;15079;;-1;-1;-1;-1;-1;;Ios - Amorgos
15065;13649;;-1;-1;-1;-1;-1;;Ios - Naxos
15065;15066;;-1;-1;-1;-1;-1;;Ios - Paros
15065;15086;;-1;-1;-1;-1;-1;;Ios - Sifnos
15065;15087;;-1;-1;-1;-1;-1;;Ios - Sikinos
15087;13649;;-1;-1;-1;-1;-1;;Sikinos - Naxos
15087;15066;;-1;-1;-1;-1;-1;;Sikinos - Paros
15087;15101;;-1;-1;-1;-1;-1;;Sikinos - Siros
15087;15086;;-1;-1;-1;-1;-1;;Sikinos - Sifnos
15087;15088;;-1;-1;-1;-1;-1;;Sikinos - Folegandros
15088;15086;;-1;-1;-1;-1;-1;;Folegandros - Sifnos
15088;13723;;-1;-1;-1;-1;-1;;Folegandros - Milos
13723;15086;;-1;-1;-1;-1;-1;;Milos - Sifnos
13723;15085;;-1;-1;-1;-1;-1;;Milos - Serifos
13723;15107;;-1;-1;-1;-1;-1;;Milos - Kithnos
4193;1205;;-1;-1;-1;-1;-1;;Pyrgos - Aetolia
7211;1205;;-1;-1;-1;-1;-1;;Patras - Aetolia
7211;976;;-1;-1;-1;-1;-1;;Patras - Livadia
7211;1109;;-1;-1;-1;-1;-1;;Patras - Central Greece
7096;1109;;-1;-1;-1;-1;-1;;Nafplion - Central Greece
15102;13683;;-1;-1;-1;-1;-1;;Idra - Poros
15080;13683;;-1;-1;-1;-1;-1;;Egina - Poros
15080;15081;;-1;-1;-1;-1;-1;;Egina - Salamina
15081;13724;;-1;-1;-1;-1;-1;;Salamina - Athena
15081;3988;;-1;-1;-1;-1;-1;;Salamina - Corinth
15081;17857;;-1;-1;-1;-1;-1;;Salamina - Corinth Canal
13649;15079;;-1;-1;-1;-1;-1;;Naxos - Amorgos
13649;15100;;-1;-1;-1;-1;-1;;Naxos - Mikonos
13649;15101;;-1;-1;-1;-1;-1;;Naxos - Siros
15101;15066;;-1;-1;-1;-1;-1;;Siros - Paros
15101;15086;;-1;-1;-1;-1;-1;;Siros - Sifnos
15101;15085;;-1;-1;-1;-1;-1;;Siros - Serifos
15101;15107;;-1;-1;-1;-1;-1;;Siros - Kithnos
15101;15077;;-1;-1;-1;-1;-1;;Siros - Kea
15101;7127;;-1;-1;-1;-1;-1;;Siros - Euboea
15101;15108;;-1;-1;-1;-1;-1;;Siros - Andros
15101;3401;;-1;-1;-1;-1;-1;;Siros - Tinos
15066;15086;;-1;-1;-1;-1;-1;;Paros - Sifnos
15066;15085;;-1;-1;-1;-1;-1;;Paros - Serifos
976;7127;;-1;-1;-1;-1;-1;;Livadia - Euboea
3973;15099;;-1;-1;-1;-1;-1;;Thessaly - Skiathos
15099;15078;;-1;-1;-1;-1;-1;;Skiathos  Skopelos
15078;15082;;-1;-1;-1;-1;-1;;Skopelos - Alonnisos
15082;13353;;-1;-1;-1;-1;-1;;Alonnisos - Skiros
7127;13353;;-1;-1;-1;-1;-1;;Euboea - Skiros
13363;13718;;-1;-1;-1;-1;-1;;Athos - Limnos
13363;15069;;-1;-1;-1;-1;-1;;Athos - Thasos
13363;13686;;-1;-1;-1;-1;-1;;Athos - Samothraki
15107;15085;;-1;-1;-1;-1;-1;;Kithnos - Serifos
15107;15066;;-1;-1;-1;-1;-1;;Kithnos - Paros
15107;13649;;-1;-1;-1;-1;-1;;Kithnos - Naxos
15107;15100;;-1;-1;-1;-1;-1;;Kithnos - Mikonos
15107;3401;;-1;-1;-1;-1;-1;;Kithnos - Tinos
15107;15108;;-1;-1;-1;-1;-1;;Kithnos - Andros
15107;7127;;-1;-1;-1;-1;-1;;Kithnos - Euboea
15107;15077;;-1;-1;-1;-1;-1;;Kithnos - Kea	
15100;3401;;-1;-1;-1;-1;-1;;Mikonos - Tinos
15100;15066;;-1;-1;-1;-1;-1;;Mikonos - Paros
3401;15108;;-1;-1;-1;-1;-1;;Tinos - Andros
15108;7127;;-1;-1;-1;-1;-1;;Andros - Euboea
15108;6550;;-1;-1;-1;-1;-1;;Andros - Chios
14438;849;;-1;-1;-1;-1;-1;;Imbros - Sarkoy
13686;11774;;-1;-1;-1;-1;-1;;Samothraki - Thrace
13363;15069;;-1;-1;-1;-1;-1;;Samothraki - Thasos
15069;9930;;-1;-1;-1;-1;-1;;Thasos - Kavala
15069;11774;;-1;-1;-1;-1;-1;;Thasos - Thrace
15077;4109;;-1;-1;-1;-1;-1;;Kea - Attica
15092;14595;;-1;-1;-1;-1;-1;;Simi - East Mugla
15076;15079;;-1;-1;-1;-1;-1;;Amorgos - Lero
13353;15103;;-1;-1;-1;-1;-1;;Skiros - Chios
18207;18204;;-1;-1;-1;-1;-1;;
18207;18206;;-1;-1;-1;-1;-1;;
18235;18233;;-1;-1;-1;-1;-1;;
18256;18233;;-1;-1;-1;-1;-1;;
18247;18233;;-1;-1;-1;-1;-1;;
18255;18233;;-1;-1;-1;-1;-1;;
15098;15070;;-1;-1;-1;-1;-1;;Agios - Sithonia
15098;13369;;-1;-1;-1;-1;-1;;Agios - Kassandra
15098;3973;;-1;-1;-1;-1;-1;;Agios - Thessaly
15098;6864;;-1;-1;-1;-1;-1;;Agios - Ayvacik
7127;4112;;-1;-1;-1;-1;-1;;fuck this shit
3973;6864;;-1;-1;-1;-1;-1;;sasasaafease
14437;3879;;-1;-1;-1;-1;-1;;marmara
4178;6883;;-1;-1;-1;-1;-1;;south
849;13293;;-1;-1;-1;-1;-1;;sarkoy1
849;6912;;-1;-1;-1;-1;-1;;sarkoy2
849;14437;;-1;-1;-1;-1;-1;;sarkoy3
849;16355;;-1;-1;-1;-1;-1;;sarkoy4
849;16356;;-1;-1;-1;-1;-1;;sarkoy5
849;3851;;-1;-1;-1;-1;-1;;sarkoy6
849;11811;;-1;-1;-1;-1;-1;;sarkoy7
849;17734;;-1;-1;-1;-1;-1;;sarkoy8
849;11829;;-1;-1;-1;-1;-1;;sarkoy9
3879;13293;;-1;-1;-1;-1;-1;;tekir1
3879;6912;;-1;-1;-1;-1;-1;;tekir2
3879;14437;;-1;-1;-1;-1;-1;;tekir3
3879;16355;;-1;-1;-1;-1;-1;;tekir4
3879;16356;;-1;-1;-1;-1;-1;;tekir5
3879;3851;;-1;-1;-1;-1;-1;;tekir6
3879;11811;;-1;-1;-1;-1;-1;;tekir7
3879;17734;;-1;-1;-1;-1;-1;;tekir8
3879;11829;;-1;-1;-1;-1;-1;;tekir9
6895;13293;;-1;-1;-1;-1;-1;;ethrace1
6895;6912;;-1;-1;-1;-1;-1;;ethrace2
6895;14437;;-1;-1;-1;-1;-1;;ethrace3
6895;16355;;-1;-1;-1;-1;-1;;ethrace4
6895;16356;;-1;-1;-1;-1;-1;;ethrace5
6895;3851;;-1;-1;-1;-1;-1;;ethrace6
6895;11811;;-1;-1;-1;-1;-1;;ethrace7
6895;17734;;-1;-1;-1;-1;-1;;ethrace8
6895;11829;;-1;-1;-1;-1;-1;;ethrace9
17862;13293;;-1;-1;-1;-1;-1;;canal1
17862;6912;;-1;-1;-1;-1;-1;;canal2
17862;14437;;-1;-1;-1;-1;-1;;canal3
17862;16355;;-1;-1;-1;-1;-1;;canal4
17862;16356;;-1;-1;-1;-1;-1;;canal5
17862;3851;;-1;-1;-1;-1;-1;;canal6
17862;11811;;-1;-1;-1;-1;-1;;canal7
17862;17734;18212;;-1;-1;-1;-1;-1;;canal8
17862;11829;;-1;-1;-1;-1;-1;;canal9
9833;13293;;-1;-1;-1;-1;-1;;istanbul1
9833;6912;;-1;-1;-1;-1;-1;;istanbul2
9833;14437;;-1;-1;-1;-1;-1;;istanbul3
9833;16355;;-1;-1;-1;-1;-1;;istanbul4
9833;16356;;-1;-1;-1;-1;-1;;istanbul5
9833;3851;;-1;-1;-1;-1;-1;;istanbul6
9833;11811;;-1;-1;-1;-1;-1;;istanbul7
9833;17734;;-1;-1;-1;-1;-1;;istanbul8
9833;11829;;-1;-1;-1;-1;-1;;istanbul9
14293;13216;;-1;-1;-1;-1;-1;;Snake Island - Tulcea
14293;16393;;-1;-1;-1;-1;-1;;Snake Island - Chilia
14293;6727;;-1;-1;-1;-1;-1;;Snake Island - Bugeac
9718;6771;;-1;-1;-1;-1;-1;;Crimea - Kherson
9680;6741;;-1;-1;-1;-1;-1;;Azov
14444;13272;;-1;-1;-1;-1;-1;;Elaphiti - W. Dubrovnik
6980;14551;;-1;-1;-1;-1;-1;;Gargano - Pelagosa
14551;14357;;-1;-1;-1;-1;-1;;Pelagosa - Lagosta
14357;13830;;-1;-1;-1;-1;-1;;Lagosta - O. Plavnik
6891;3838;;-1;-1;-1;-1;-1;;Sardinia-Corsica (these had been removed for some reason)VVV
9793;7114;;-1;-1;-1;-1;-1;;Spanish Island
13814;12003;;-1;-1;-1;-1;-1;;Malta
13834;11957;;-1;-1;-1;-1;-1;;Djerba
11833;13866;;-1;-1;-1;-1;-1;;Elba!!!!
13866;9851;;-1;-1;-1;-1;-1;;we've got elba!!!
13824;11564;;-1;-1;-1;-1;-1;;Yugoslavia
13835;11735;;-1;-1;-1;-1;-1;;Yugoslavia
13827;591;;-1;-1;-1;-1;-1;;Yugoslavia
13815;13373;;-1;-1;-1;-1;-1;;Yugoslavia
13370;13372;;-1;-1;-1;-1;-1;;Yugoslavia
9990;4159;;-1;-1;-1;-1;-1;;Calabria-Sicily
9793;9845;;-1;-1;-1;-1;-1;;Menorca-Mallorca
4135;9945;;-1;-1;-1;-1;-1;;Gibraltar North
1048;9945;;-1;-1;-1;-1;-1;;Gibraltar South
6788;9851;;-1;-1;-1;-1;-1;;
6927;911;;-1;-1;-1;-1;-1;;
13814;4014;;-1;-1;-1;-1;-1;;
13831;3501;;-1;-1;-1;-1;-1;;
11361;285;;-1;-1;-1;-1;-1;;
9364;7377;;-1;-1;-1;-1;-1;;
6363;11293;;-1;-1;-1;-1;-1;;
408;3296;;-1;-1;-1;-1;-1;;
3152;11105;;-1;-1;-1;-1;-1;;
6132;14210;;-1;-1;-1;-1;-1;;
3098;6130;;-1;-1;-1;-1;-1;;
3098;10;;-1;-1;-1;-1;-1;;
14293;11649;;-1;-1;-1;-1;-1;;
7026;11984;;-1;-1;-1;-1;-1;;
1088;14139;;-1;-1;-1;-1;-1;;
7114;14176;;-1;-1;-1;-1;-1;;
7114;962;;-1;-1;-1;-1;-1;;
9793;9764;;-1;-1;-1;-1;-1;;
9845;11824;;-1;-1;-1;-1;-1;;
10091;14164;;-1;-1;-1;-1;-1;;
14313;14305;;-1;-1;-1;-1;-1;;
13288;540;;-1;-1;-1;-1;-1;;
3422;14302;;-1;-1;-1;-1;-1;;
6449;13628;;-1;-1;-1;-1;-1;;
9434;11446;;-1;-1;-1;-1;-1;;
3379;3311;;-1;-1;-1;-1;-1;;
3329;3373;;-1;-1;-1;-1;-1;;
9361;6361;;-1;-1;-1;-1;-1;;
16256;1091;;-1;-1;-1;-1;-1;;
16249;16248;;-1;-1;-1;-1;-1;;
16252;16253;;-1;-1;-1;-1;-1;;
16267;11932;;-1;-1;-1;-1;-1;;
18803;11932;;-1;-1;-1;-1;-1;;
10124;11932;;-1;-1;-1;-1;-1;;
10124;1123;;-1;-1;-1;-1;-1;;
18804;1123;;-1;-1;-1;-1;-1;;
4198;7115;;-1;-1;-1;-1;-1;;
1123;7115;;-1;-1;-1;-1;-1;;
4198;12032;;-1;-1;-1;-1;-1;;
18964;14157;;-1;-1;-1;-1;-1;;
9950;14156;;-1;-1;-1;-1;-1;;
1177;14156;;-1;-1;-1;-1;-1;;
1177;11948;;-1;-1;-1;-1;-1;;
18972;19148;;-1;-1;-1;-1;-1;;
10011;19148;;-1;-1;-1;-1;-1;;
10011;4056;;-1;-1;-1;-1;-1;;
19097;19098;;-1;-1;-1;-1;-1;;
10092;7046;;-1;-1;-1;-1;-1;;
18978;18980;;-1;-1;-1;-1;-1;;
1092;4179;;-1;-1;-1;-1;-1;;
4094;7212;;-1;-1;-1;-1;-1;;
7145;14155;;-1;-1;-1;-1;-1;;
19107;14155;;-1;-1;-1;-1;-1;;
19107;13286;;-1;-1;-1;-1;-1;;
12011;13286;;-1;-1;-1;-1;-1;;
9965;16338;;-1;-1;-1;-1;-1;;
1133;16338;;-1;-1;-1;-1;-1;;
7157;18805;;-1;-1;-1;-1;-1;;
1117;9952;;-1;-1;-1;-1;-1;;
19136;19138;;-1;-1;-1;-1;-1;;
19137;3962;;-1;-1;-1;-1;-1;;
19142;19141;;-1;-1;-1;-1;-1;;
19146;4576;;-1;-1;-1;-1;-1;;
12446;4576;;-1;-1;-1;-1;-1;;
17693;1742;;-1;-1;-1;-1;-1;;
4646;13037;;-1;-1;-1;-1;-1;;
1515;13037;;-1;-1;-1;-1;-1;;
1515;1399;;-1;-1;-1;-1;-1;;
4728;1399;;-1;-1;-1;-1;-1;;
4160;20122;;-1;-1;-1;-1;-1;;
14824;14678;;-1;-1;-1;-1;-1;;
14823;14824;;-1;-1;-1;-1;-1;;
14823;14678;;-1;-1;-1;-1;-1;;
14823;4189;;-1;-1;-1;-1;-1;;
16256;7071;;-1;-1;-1;-1;-1;;
14129;7214;;-1;-1;-1;-1;-1;;
14129;4196;;-1;-1;-1;-1;-1;;
13303;9974;;-1;-1;-1;-1;-1;;
13304;11928;;-1;-1;-1;-1;-1;;
13282;14822;;-1;-1;-1;-1;-1;;
1104;1150;;-1;-1;-1;-1;-1;;
1003;4205;;-1;-1;-1;-1;-1;;
16249;18802;;-1;-1;-1;-1;-1;;
18829;18802;;-1;-1;-1;-1;-1;;
18829;12213;;-1;-1;-1;-1;-1;;
10280;14113;;-1;-1;-1;-1;-1;;
14112;14113;;-1;-1;-1;-1;-1;;
14112;10137;;-1;-1;-1;-1;-1;;
1221;4288;;-1;-1;-1;-1;-1;;
7307;4228;;-1;-1;-1;-1;-1;;
7307;12279;;-1;-1;-1;-1;-1;;
1368;12279;;-1;-1;-1;-1;-1;;
10302;10272;;-1;-1;-1;-1;-1;;
1311;4228;;-1;-1;-1;-1;-1;;
10302;1261;;-1;-1;-1;-1;-1;;
12112;12153;;-1;-1;-1;-1;-1;;
12118;7385;;-1;-1;-1;-1;-1;;
4269;1293;;-1;-1;-1;-1;-1;;
7360;10186;;-1;-1;-1;-1;-1;;
10184;1421;;-1;-1;-1;-1;-1;;
10184;18823;;-1;-1;-1;-1;-1;;
18873;18823;;-1;-1;-1;-1;-1;;
18873;10145;;-1;-1;-1;-1;-1;;
7419;4288;;-1;-1;-1;-1;-1;;
1070;14112;;-1;-1;-1;-1;-1;;
14115;14116;;-1;-1;-1;-1;-1;;
14115;14114;;-1;-1;-1;-1;-1;;
14115;14118;;-1;-1;-1;-1;-1;;
14117;14118;;-1;-1;-1;-1;-1;;
14117;14116;;-1;-1;-1;-1;-1;;
14120;14118;;-1;-1;-1;-1;-1;;
14117;14120;;-1;-1;-1;-1;-1;;
14118;14114;;-1;-1;-1;-1;-1;;
14119;14120;;-1;-1;-1;-1;-1;;
14118;14119;;-1;-1;-1;-1;-1;;
14121;14120;;-1;-1;-1;-1;-1;;
14121;14119;;-1;-1;-1;-1;-1;;
14121;14122;;-1;-1;-1;-1;-1;;
14122;14119;;-1;-1;-1;-1;-1;;
14121;14125;;-1;-1;-1;-1;-1;;
14122;14115;;-1;-1;-1;-1;-1;;
14124;14121;;-1;-1;-1;-1;-1;;
14123;14126;;-1;-1;-1;-1;-1;;
14122;14123;;-1;-1;-1;-1;-1;;
14124;14123;;-1;-1;-1;-1;-1;;
14125;14126;;-1;-1;-1;-1;-1;;
14127;14126;;-1;-1;-1;-1;-1;;
14125;14127;;-1;-1;-1;-1;-1;;
14128;14127;;-1;-1;-1;-1;-1;;
14565;10760;;-1;-1;-1;-1;-1;;
17463;13815;;-1;-1;-1;-1;-1;;
14444;13830;;-1;-1;-1;-1;-1;;
13272;13830;;-1;-1;-1;-1;-1;;
15073;15071;;-1;-1;-1;-1;-1;;
15094;15071;;-1;-1;-1;-1;-1;;
15089;4170;;-1;-1;-1;-1;-1;;
14440;819;;-1;-1;-1;-1;-1;;
15609;1156;;-1;-1;-1;-1;-1;;
15608;7059;;-1;-1;-1;-1;-1;;
15607;17389;;-1;-1;-1;-1;-1;;
15604;13866;;-1;-1;-1;-1;-1;;
15605;17050;;-1;-1;-1;-1;-1;;
13827;13824;;-1;-1;-1;-1;-1;;
13827;13835;;-1;-1;-1;-1;-1;;
13824;13835;;-1;-1;-1;-1;-1;;
13827;13815;;-1;-1;-1;-1;-1;;
17463;13370;;-1;-1;-1;-1;-1;;
13370;13830;;-1;-1;-1;-1;-1;;
14357;14444;;-1;-1;-1;-1;-1;;
18144;19216;;-1;-1;-1;-1;-1;;
1164;13723;;-1;-1;-1;-1;-1;;
14314;6536;;-1;-1;-1;-1;-1;;
14313;3552;;-1;-1;-1;-1;-1;;
13287;9550;;-1;-1;-1;-1;-1;;
13287;14304;;-1;-1;-1;-1;-1;;
14303;14304;;-1;-1;-1;-1;-1;;
13288;14303;;-1;-1;-1;-1;-1;;
14302;14304;;-1;-1;-1;-1;-1;;
14302;6449;;-1;-1;-1;-1;-1;;
9431;480;;-1;-1;-1;-1;-1;;
3314;13721;;-1;-1;-1;-1;-1;;
9335;13722;;-1;-1;-1;-1;-1;;
14579;11360;;-1;-1;-1;-1;-1;;
14579;14571;;-1;-1;-1;-1;-1;;
18115;14571;;-1;-1;-1;-1;-1;;
13280;14653;;-1;-1;-1;-1;-1;;
16110;14569;;-1;-1;-1;-1;-1;;
6979;14723;;-1;-1;-1;-1;-1;;
6979;17031;;-1;-1;-1;-1;-1;;
16109;14569;;-1;-1;-1;-1;-1;;
16109;11366;;-1;-1;-1;-1;-1;;
16109;14384;;-1;-1;-1;-1;-1;;
332;14384;;-1;-1;-1;-1;-1;;
13314;394;;-1;-1;-1;-1;-1;;
13315;6364;;-1;-1;-1;-1;-1;;
13316;20127;;-1;-1;-1;-1;-1;;
13315;3325;;-1;-1;-1;-1;-1;;
13316;3305;;-1;-1;-1;-1;-1;;
3260;3325;;-1;-1;-1;-1;-1;;
6322;185;;-1;-1;-1;-1;-1;;
6201;185;;-1;-1;-1;-1;-1;;
83;185;;-1;-1;-1;-1;-1;;
6201;83;;-1;-1;-1;-1;-1;;
104;14377;;-1;-1;-1;-1;-1;;
6186;14377;;-1;-1;-1;-1;-1;;
3060;14377;;-1;-1;-1;-1;-1;;
3083;14211;;-1;-1;-1;-1;-1;;
6066;14212;;-1;-1;-1;-1;-1;;
9228;14212;;-1;-1;-1;-1;-1;;
9228;14213;;-1;-1;-1;-1;-1;;
14213;14212;;-1;-1;-1;-1;-1;;
14213;14214;;-1;-1;-1;-1;-1;;
11278;14214;;-1;-1;-1;-1;-1;;
3122;14210;;-1;-1;-1;-1;-1;;
11121;14209;;-1;-1;-1;-1;-1;;
122;14206;;-1;-1;-1;-1;-1;;
9216;14207;;-1;-1;-1;-1;-1;;
3145;11157;;-1;-1;-1;-1;-1;;
91;11090;;-1;-1;-1;-1;-1;;
22;11077;;-1;-1;-1;-1;-1;;
20352;20405;;-1;-1;-1;-1;-1;;
20444;20405;;-1;-1;-1;-1;-1;;
13628;9458;;-1;-1;-1;-1;-1;;
14305;6526;;-1;-1;-1;-1;-1;;
20071;11406;;-1;-1;-1;-1;-1;;
6363;9364;;-1;-1;-1;-1;-1;;
3311;11332;;-1;-1;-1;-1;-1;;
15981;6350;;-1;-1;-1;-1;-1;;
3379;6350;;-1;-1;-1;-1;-1;;
3373;15976;;-1;-1;-1;-1;-1;;
3373;15977;;-1;-1;-1;-1;-1;;
11266;15979;;-1;-1;-1;-1;-1;;
3178;15979;;-1;-1;-1;-1;-1;;
15980;15978;;-1;-1;-1;-1;-1;;
6062;15980;;-1;-1;-1;-1;-1;;
6062;15978;;-1;-1;-1;-1;-1;;
13224;11064;;-1;-1;-1;-1;-1;;
15343;13211;;-1;-1;-1;-1;-1;;
14203;13852;;-1;-1;-1;-1;-1;;
9388;13844;;-1;-1;-1;-1;-1;;
349;14309;;-1;-1;-1;-1;-1;;
6334;14310;;-1;-1;-1;-1;-1;;
6361;6120;;-1;-1;-1;-1;-1;;
211;299;;-1;-1;-1;-1;-1;;
211;6258;;-1;-1;-1;-1;-1;;
44;11050;;-1;-1;-1;-1;-1;;
14208;3088;;-1;-1;-1;-1;-1;;
6287;9279;;-1;-1;-1;-1;-1;;
14164;7059;;-1;-1;-1;-1;-1;;
14165;11921;;-1;-1;-1;-1;-1;;
14165;13834;;-1;-1;-1;-1;-1;;
15606;11773;;-1;-1;-1;-1;-1;;
14654;9863;;-1;-1;-1;-1;-1;;
13852;2284;;-1;-1;-1;-1;-1;;
13316;2284;;-1;-1;-1;-1;-1;;
3305;2284;;-1;-1;-1;-1;-1;;
6361;13844;;-1;-1;-1;-1;-1;;
2285;13844;;-1;-1;-1;-1;-1;;
2731;911;;-1;-1;-1;-1;-1;;
13815;3943;;-1;-1;-1;-1;-1;;
14444;17456;;-1;-1;-1;-1;-1;;
14244;9195;;-1;-1;-1;-1;-1;;
14244;3080;;-1;-1;-1;-1;-1;;
14245;9041;;-1;-1;-1;-1;-1;;
14245;9041;;-1;-1;-1;-1;-1;;
12530;10207;;-1;-1;-1;-1;-1;;
198;14670;;-1;-1;-1;-1;-1;;
11047;20266;;-1;-1;-1;-1;-1;;
20314;20399;;-1;-1;-1;-1;-1;;
20442;20399;;-1;-1;-1;-1;-1;;
20441;20399;;-1;-1;-1;-1;-1;;
20407;20399;;-1;-1;-1;-1;-1;;
20407;20398;;-1;-1;-1;-1;-1;;
20271;20341;;-1;-1;-1;-1;-1;;
20271;20341;;-1;-1;-1;-1;-1;;
20276;20446;;-1;-1;-1;-1;-1;;
20429;20446;;-1;-1;-1;-1;-1;;
20429;20360;;-1;-1;-1;-1;-1;;
20367;20283;;-1;-1;-1;-1;-1;;
20287;20286;;-1;-1;-1;-1;-1;;
20287;19967;;-1;-1;-1;-1;-1;;
13063;20288;;-1;-1;-1;-1;-1;;
4234;20217;;-1;-1;-1;-1;-1;;
14159;1839;;-1;-1;-1;-1;-1;;
12207;1863;;-1;-1;-1;-1;-1;;
14158;10577;;-1;-1;-1;-1;-1;;
14248;1026;;-1;-1;-1;-1;-1;;
14654;11846;;-1;-1;-1;-1;-1;;
15608;902;;-1;-1;-1;-1;-1;;
15609;14440;;-1;-1;-1;-1;-1;;
12098;6979;;-1;-1;-1;-1;-1;;
14433;6979;;-1;-1;-1;-1;-1;;
12098;14433;;-1;-1;-1;-1;-1;;
11735;14312;;-1;-1;-1;-1;-1;;
13683;13723;;-1;-1;-1;-1;-1;;
13683;12058;;-1;-1;-1;-1;-1;;
4178;13723;;-1;-1;-1;-1;-1;;
4170;13723;;-1;-1;-1;-1;-1;;
1164;15089;;-1;-1;-1;-1;-1;;
7003;15092;;-1;-1;-1;-1;-1;;
2731;15607;;-1;-1;-1;-1;-1;;
9845;15607;;-1;-1;-1;-1;-1;;
2731;9845;;-1;-1;-1;-1;-1;;
3223;15968;;-1;-1;-1;-1;-1;;
3223;15968;;-1;-1;-1;-1;-1;;
9957;10099;;-1;-1;-1;-1;-1;;
8043;14241;;-1;-1;-1;-1;-1;;
14240;14241;;-1;-1;-1;-1;-1;;
14240;18611;;-1;-1;-1;-1;-1;;
8043;13803;;-1;-1;-1;-1;-1;;
10752;13803;;-1;-1;-1;-1;-1;;
14832;16573;;-1;-1;-1;-1;-1;;
14831;17302;;-1;-1;-1;-1;-1;;
14343;1966;;-1;-1;-1;-1;-1;;
14343;8000;;-1;-1;-1;-1;-1;;
14833;14563;;-1;-1;-1;-1;-1;;
14280;14565;;-1;-1;-1;-1;-1;;
14280;14565;;-1;-1;-1;-1;-1;;
14430;14415;;-1;-1;-1;-1;-1;;
14429;14415;;-1;-1;-1;-1;-1;;
14430;14429;;-1;-1;-1;-1;-1;;
14182;14429;;-1;-1;-1;-1;-1;;
14182;4959;;-1;-1;-1;-1;-1;;
14182;7982;;-1;-1;-1;-1;-1;;
14419;8108;;-1;-1;-1;-1;-1;;
14604;14351;;-1;-1;-1;-1;-1;;
13208;14351;;-1;-1;-1;-1;-1;;
13208;10791;;-1;-1;-1;-1;-1;;
14428;842;;-1;-1;-1;-1;-1;;
14428;2089;;-1;-1;-1;-1;-1;;
11804;3928;;-1;-1;-1;-1;-1;;
15343;10063;;-1;-1;-1;-1;-1;;
2264;12038;;-1;-1;-1;-1;-1;;
14176;9964;;-1;-1;-1;-1;-1;;
2265;9793;;-1;-1;-1;-1;-1;;
2265;9793;;-1;-1;-1;-1;-1;;
12051;9845;;-1;-1;-1;-1;-1;;
11773;9994;;-1;-1;-1;-1;-1;;
13814;14165;;-1;-1;-1;-1;-1;;
13814;14165;;-1;-1;-1;-1;-1;;
12003;1149;;-1;-1;-1;-1;-1;;
15072;1130;;-1;-1;-1;-1;-1;;
9940;11967;;-1;-1;-1;-1;-1;;
5292;11964;;-1;-1;-1;-1;-1;;
14207;11157;;-1;-1;-1;-1;-1;;
1173;12003;;-1;-1;-1;-1;-1;;
12207;13067;;-1;-1;-1;-1;-1;;
20547;13067;;-1;-1;-1;-1;-1;;
20547;1135;;-1;-1;-1;-1;-1;;
13090;1135;;-1;-1;-1;-1;-1;;
13090;14268;;-1;-1;-1;-1;-1;;
13090;10694;;-1;-1;-1;-1;-1;;
20219;14268;;-1;-1;-1;-1;-1;;
14511;14232;;-1;-1;-1;-1;-1;;
7884;12661;;-1;-1;-1;-1;-1;;
14495;14231;;-1;-1;-1;-1;-1;;
14508;14231;;-1;-1;-1;-1;-1;;
14229;14230;;-1;-1;-1;-1;-1;;
14229;15231;;-1;-1;-1;-1;-1;;
14229;15232;;-1;-1;-1;-1;-1;;
14229;14485;;-1;-1;-1;-1;-1;;
14485;14230;;-1;-1;-1;-1;-1;;
13202;15219;;-1;-1;-1;-1;-1;;
14485;14228;;-1;-1;-1;-1;-1;;
13202;14228;;-1;-1;-1;-1;-1;;
1869;14228;;-1;-1;-1;-1;-1;;
1869;14254;;-1;-1;-1;-1;-1;;
13204;14268;;-1;-1;-1;-1;-1;;
20219;14268;;-1;-1;-1;-1;-1;;
13204;20357;;-1;-1;-1;-1;-1;;
20420;20357;;-1;-1;-1;-1;-1;;
20420;20219;;-1;-1;-1;-1;-1;;
5325;20219;;-1;-1;-1;-1;-1;;
14256;14254;;-1;-1;-1;-1;-1;;
14256;14255;;-1;-1;-1;-1;-1;;
14256;14257;;-1;-1;-1;-1;-1;;
12259;12231;;-1;-1;-1;-1;-1;;
7259;1393;;-1;-1;-1;-1;-1;;
7259;1393;;-1;-1;-1;-1;-1;;
15536;14251;;-1;-1;-1;-1;-1;;
15538;14251;;-1;-1;-1;-1;-1;;
15541;4428;-1;-1;-1;-1;-1;;
15541;4428;-1;-1;-1;-1;-1;;
15536;4296;-1;-1;-1;-1;-1;;
15538;15537;;-1;-1;-1;-1;-1;;
14250;15537;;-1;-1;-1;-1;-1;;
14250;10157;;-1;-1;-1;-1;-1;;
15538;10157;;-1;-1;-1;-1;-1;;
6881;13841;;-1;-1;-1;-1;-1;;
14008;13841;;-1;-1;-1;-1;-1;;
14008;11859;;-1;-1;-1;-1;-1;;
15456;14007;;-1;-1;-1;-1;-1;;
14006;14007;;-1;-1;-1;-1;-1;;
14006;1562;;-1;-1;-1;-1;-1;;
13999;12859;;-1;-1;-1;-1;-1;;
13999;12859;;-1;-1;-1;-1;-1;;
13999;14000;;-1;-1;-1;-1;-1;;
7964;14000;;-1;-1;-1;-1;-1;;
7964;14005;;-1;-1;-1;-1;-1;;
18736;14005;;-1;-1;-1;-1;-1;;
18736;10848;;-1;-1;-1;-1;-1;;
12736;14001;;-1;-1;-1;-1;-1;;
12736;14002;;-1;-1;-1;-1;-1;;
12736;14003;;-1;-1;-1;-1;-1;;
12736;14004;;-1;-1;-1;-1;-1;;
8057;14004;;-1;-1;-1;-1;-1;;
13996;12746;;-1;-1;-1;-1;-1;;
17555;16263;;-1;-1;-1;-1;-1;;
17555;1988;;-1;-1;-1;-1;-1;;
17555;17545;;-1;-1;-1;-1;-1;;
17555;17548;;-1;-1;-1;-1;-1;;
13929;1633;;-1;-1;-1;-1;-1;;
13928;4624;;-1;-1;-1;-1;-1;;
17777;4624;;-1;-1;-1;-1;-1;;
5023;14225;;-1;-1;-1;-1;-1;;
14224;14225;;-1;-1;-1;-1;-1;;
14224;5023;;-1;-1;-1;-1;-1;;
14246;12954;;-1;-1;-1;-1;-1;;
14246;5118;;-1;-1;-1;-1;-1;;
14246;14239;;-1;-1;-1;-1;-1;;
5159;14239;;-1;-1;-1;-1;-1;;
8198;14237;;-1;-1;-1;-1;-1;;
8218;14238;;-1;-1;-1;-1;-1;;
16124;14238;;-1;-1;-1;-1;-1;;
5215;14242;;-1;-1;-1;-1;-1;;
5209;14242;;-1;-1;-1;-1;-1;;
5209;5201;;-1;-1;-1;-1;-1;;
5209;16122;;-1;-1;-1;-1;-1;;
16123;16120;;-1;-1;-1;-1;-1;;
16123;16120;;-1;-1;-1;-1;-1;;
16115;16116;;-1;-1;-1;-1;-1;;
16117;16116;;-1;-1;-1;-1;-1;;
16114;16119;;-1;-1;-1;-1;-1;;
16116;16113;;-1;-1;-1;-1;-1;;
16117;11009;;-1;-1;-1;-1;-1;;
14243;11009;;-1;-1;-1;-1;-1;;
13513;17473;;-1;-1;-1;-1;-1;;
20321;20413;;-1;-1;-1;-1;-1;;
20542;20413;;-1;-1;-1;-1;-1;;
20543;20413;;-1;-1;-1;-1;-1;;
20544;20413;;-1;-1;-1;-1;-1;;
20544;20543;;-1;-1;-1;-1;-1;;
20465;20359;;-1;-1;-1;-1;-1;;
20227;20359;;-1;-1;-1;-1;-1;;
20465;20450;;-1;-1;-1;-1;-1;;
20377;20450;;-1;-1;-1;-1;-1;;
20377;20427;;-1;-1;-1;-1;-1;;
20427;20450;;-1;-1;-1;-1;-1;;
20377;21089;;-1;-1;-1;-1;-1;;
20483;20427;;-1;-1;-1;-1;-1;;
20483;20451;;-1;-1;-1;-1;-1;;
20427;20451;;-1;-1;-1;-1;-1;;
20427;20234;;-1;-1;-1;-1;-1;;
20233;20231;;-1;-1;-1;-1;-1;;
1712;20231;;-1;-1;-1;-1;-1;;
1712;15348;;-1;-1;-1;-1;-1;;
15196;15348;;-1;-1;-1;-1;-1;;
15196;20233;;-1;-1;-1;-1;-1;;
15196;18596;;-1;-1;-1;-1;-1;;
15309;20233;;-1;-1;-1;-1;-1;;
15309;18598;;-1;-1;-1;-1;-1;;
15309;18600;;-1;-1;-1;-1;-1;;
18585;15481;;-1;-1;-1;-1;-1;;
18586;15481;;-1;-1;-1;-1;-1;;
18590;12145;;-1;-1;-1;-1;-1;;
19326;1657;;-1;-1;-1;-1;-1;;
15294;17191;;-1;-1;-1;-1;-1;;
14723;14481;;-1;-1;-1;-1;-1;;
13704;3676;;-1;-1;-1;-1;-1;;
13704;11639;;-1;-1;-1;-1;-1;;
13708;11639;;-1;-1;-1;-1;-1;;
13708;3676;;-1;-1;-1;-1;-1;;
13708;690;;-1;-1;-1;-1;-1;;
13708;660;;-1;-1;-1;-1;-1;;
11619;660;;-1;-1;-1;-1;-1;;
13708;13696;;-1;-1;-1;-1;-1;;
13708;676;;-1;-1;-1;-1;-1;;
13704;676;;-1;-1;-1;-1;-1;;
11619;15958;;-1;-1;-1;-1;-1;;
13704;690;;-1;-1;-1;-1;-1;;
15958;690;;-1;-1;-1;-1;-1;;
15956;690;;-1;-1;-1;-1;-1;;
8600;6201;;-1;-1;-1;-1;-1;;
8600;567;;-1;-1;-1;-1;-1;;